{
    "serial number": "3CH-4AA-0005",
    "length": 200.0,
    "diameter": 1.27,
    "Emod": 200000,
    "pratio": 0.29,
    "# channels": 3,
    "# active areas": 4,
    "Sensor Locations": {
        "1": 100.0,
        "2": 135.0,
        "3": 170.0,
        "4": 190.0
    },
    "Calibration Matrices": {
        "100.0": [
            [
                -1.51787486891424,
                -0.791320860374004,
                2.30919572928824
            ],
            [
                1.72045807140627,
                -2.21074100426766,
                0.490282932861391
            ]
        ],
        "135.0": [
            [
                -0.514733888458395,
                -1.12005917423962,
                1.63479306269801
            ],
            [
                1.55400073155234,
                -1.38198508186881,
                -0.172015649683534
            ]
        ],
        "170.0": [
            [
                -0.11823266764088,
                -1.84119022279343,
                1.95942289043431
            ],
            [
                1.66501651361216,
                -1.02542961720802,
                -0.639586896404144
            ]
        ],
        "190.0": [
            [
                0.282633333455847,
                -3.42292796813096,
                3.14029463467511
            ],
            [
                3.54809294672345,
                -1.7149922403127,
                -1.83310070641075
            ]
        ]
    }
}