{
    "serial number": "3CH-4AA-0005",
    "length": 200.0,
    "diameter": 1.27,
    "Emod": 200000,
    "pratio": 0.29,
    "# channels": 3,
    "# active areas": 4,
    "Sensor Locations": {
        "1": 100.0,
        "2": 135.0,
        "3": 170.0,
        "4": 190.0
    },
    "Calibration Matrices": {
        "100.0": [
            [
                -2.4893970544189505,
                3.207334854165595,
                -0.7179377997466453
            ],
            [
                1.520575614189246,
                0.7898362985764947,
                -2.31041191276574
            ]
        ],
        "135.0": [
            [
                -2.232728275545272,
                1.925931016681066,
                0.3067972588642065
            ],
            [
                0.5022244231417619,
                1.120148185393239,
                -1.622372608535001
            ]
        ],
        "170.0": [
            [
                -2.443597756967086,
                1.403696919045234,
                1.039900837921852
            ],
            [
                0.04975756777532752,
                1.90324068723611,
                -1.9529982550114386
            ]
        ],
        "190.0": [
            [
                -5.228929712536142,
                2.388850719677465,
                2.8400789928586736
            ],
            [
                -0.40340743414576025,
                3.5478851930990447,
                -3.144477758953283
            ]
        ]
    }
}