{
    "serial number": "3CH-4AA-0005",
    "length": 200.0,
    "diameter": 1.27,
    "Emod": 200000,
    "pratio": 0.29,
    "# channels": 3,
    "# active areas": 4,
    "Sensor Locations": {
        "1": 100.0,
        "2": 135.0,
        "3": 170.0,
        "4": 190.0
    },
    "Calibration Matrices": {
        "100.0": [
            [
                -2.240457348977056,
                2.886601368749036,
                -0.6461440197719808
            ],
            [
                1.520575614189246,
                0.7898362985764947,
                -2.31041191276574
            ]
        ],
        "135.0": [
            [
                -2.0094554479907454,
                1.7333379150129593,
                0.2761175329777859
            ],
            [
                0.5022244231417619,
                1.120148185393239,
                -1.622372608535001
            ]
        ],
        "170.0": [
            [
                -2.1992379812703775,
                1.2633272271407106,
                0.9359107541296668
            ],
            [
                0.04975756777532752,
                1.90324068723611,
                -1.9529982550114386
            ]
        ],
        "190.0": [
            [
                -4.706036741282528,
                2.149965647709718,
                2.5560710935728066
            ],
            [
                -0.40340743414576025,
                3.5478851930990447,
                -3.144477758953283
            ]
        ]
    },
    "weights": {
        "100.0": 0.28220582672574185,
        "135.0": 0.40320956468018604,
        "170.0": 0.24904987464342043,
        "190.0": 0.06553473395065176
    }
}