{
    "serial number": "3CH-4AA-0005",
    "length": 200.0,
    "diameter": 1.27,
    "Emod": 200000,
    "pratio": 0.29,
    "# channels": 3,
    "# active areas": 4,
    "Sensor Locations": {
        "1": 100.0,
        "2": 135.0,
        "3": 170.0,
        "4": 190.0
    },
    "Calibration Matrices": {
        "100.0": [
            [
                2.7081221129021684,
                -1.2080443823453406,
                1.5436241832239044
            ],
            [
                -1.5809449138061948,
                -0.8624735146416693,
                2.2457065822456177
            ]
        ],
        "135.0": [
            [
                3.9670510605284033,
                0.6282196540559188,
                1.9324138288934023
            ],
            [
                -0.25352011319651707,
                -0.9165312759179622,
                1.845254249484381
            ]
        ],
        "170.0": [
            [
                2.307309279863539,
                -0.276287068997086,
                0.018794193542800125
            ],
            [
                -3.6739297928866077,
                -5.912749626349839,
                -2.1447021308650434
            ]
        ],
        "190.0": [
            [
                2.2010813483424037,
                -3.177690177903205,
                -3.4239708958485107
            ],
            [
                -8.290238104129779,
                -13.104027353351698,
                -6.372586887656225
            ]
        ]
    },
    "weights": {
        "100.0": 0.252136062734612,
        "135.0": 0.419514100573957,
        "170.0": 0.262258594973901,
        "190.0": 0.066091241717529
    }
}
