{
    "serial number": "3CH-4AA-0005",
    "length": 200.0,
    "diameter": 1.27,
    "Emod": 200000,
    "pratio": 0.29,
    "# channels": 3,
    "# active areas": 4,
    "Sensor Locations": {
        "1": 65.0,
        "2": 100.0,
        "3": 135.0,
        "4": 155.0
    },
    "Calibration Matrices": {
        "65.0": [
            [
                0.004083430276479,
                -0.149181992114716,
                0.145098561838238
            ],
            [
                0.185534962441666,
                -0.081446293592925,
                -0.104088668848741
            ]
        ],
        "100.0": [
            [
                -0.039629694045669,
                -0.240378571085431,
                0.280008265131100
            ],
            [
                0.396391336820693,
                -0.217065571630777,
                -0.179325765189916
            ]
        ],
        "135.0": [
            [
                -0.164414038195508,
                -0.234420563760367,
                0.398834601955875
            ],
            [
                0.374146461369940,
                -0.291884364902845,
                -0.082262096467095
            ]
        ],
        "155.0": [
            [
                -0.189742304763321,
                -0.086458418660482,
                0.276200723423803
            ],
            [
                0.216647585985830,
                -0.267450785968600,
                0.050803199982770
            ]
        ]
    }
}